"STATISTIC Label","Year","Eircode Output","UNIT","VALUE"
"New Dwelling Completions","2016","All","Number","9728"
"New Dwelling Completions","2016","A41: Ballyboughal","Number","27"
"New Dwelling Completions","2016","A42: Garristown","Number","10"
"New Dwelling Completions","2016","A45: Oldtown","Number","2"
"New Dwelling Completions","2016","A63: Greystones","Number","179"
"New Dwelling Completions","2016","A67: Wicklow","Number","68"
"New Dwelling Completions","2016","A75: Castleblaney","Number","19"
"New Dwelling Completions","2016","A81: Carrickmacross","Number","24"
"New Dwelling Completions","2016","A82: Kells","Number","92"
"New Dwelling Completions","2016","A83: Enfield","Number","42"
"New Dwelling Completions","2016","A84: Ashbourne","Number","101"
"New Dwelling Completions","2016","A85: Dunshaughlin","Number","44"
"New Dwelling Completions","2016","A86: Dunboyne","Number","17"
"New Dwelling Completions","2016","A91: Dundalk","Number","157"
"New Dwelling Completions","2016","A92: Drogheda","Number","205"
"New Dwelling Completions","2016","A94: Blackrock","Number","84"
"New Dwelling Completions","2016","A96: Glenageary","Number","321"
"New Dwelling Completions","2016","A98: Bray","Number","59"
"New Dwelling Completions","2016","C15: Navan","Number","170"
"New Dwelling Completions","2016","D01: Dublin 1","Number","23"
"New Dwelling Completions","2016","D02: Dublin 2","Number","46"
"New Dwelling Completions","2016","D03: Dublin 3","Number","41"
"New Dwelling Completions","2016","D04: Dublin 4","Number","45"
"New Dwelling Completions","2016","D05: Dublin 5","Number","21"
"New Dwelling Completions","2016","D06: Dublin 6","Number","49"
"New Dwelling Completions","2016","D07: Dublin 7","Number","71"
"New Dwelling Completions","2016","D08: Dublin 8","Number","84"
"New Dwelling Completions","2016","D09: Dublin 9","Number","129"
"New Dwelling Completions","2016","D10: Dublin 10","Number","3"
"New Dwelling Completions","2016","D11: Dublin 11","Number","108"
"New Dwelling Completions","2016","D12: Dublin 12","Number","44"
"New Dwelling Completions","2016","D13: Dublin 13","Number","285"
"New Dwelling Completions","2016","D14: Dublin 14","Number","152"
"New Dwelling Completions","2016","D15: Dublin 15","Number","577"
"New Dwelling Completions","2016","D16: Dublin 16","Number","123"
"New Dwelling Completions","2016","D17: Dublin 17","Number","11"
"New Dwelling Completions","2016","D18: Dublin 18","Number","407"
"New Dwelling Completions","2016","D20: Dublin 20","Number","1"
"New Dwelling Completions","2016","D22: Dublin 22","Number","42"
"New Dwelling Completions","2016","D24: Dublin 24","Number","227"
"New Dwelling Completions","2016","D6W: Dublin 6W","Number","38"
"New Dwelling Completions","2016","E21: Cahir","Number","18"
"New Dwelling Completions","2016","E25: Cashel","Number","11"
"New Dwelling Completions","2016","E32: Carrick-on-Suir","Number","10"
"New Dwelling Completions","2016","E34: Tipperary","Number","22"
"New Dwelling Completions","2016","E41: Thurles","Number","30"
"New Dwelling Completions","2016","E45: Nenagh","Number","31"
"New Dwelling Completions","2016","E53: Roscrea","Number","11"
"New Dwelling Completions","2016","E91: Clonmel","Number","32"
"New Dwelling Completions","2016","F12: Claremorris","Number","42"
"New Dwelling Completions","2016","F23: Castlebar","Number","39"
"New Dwelling Completions","2016","F26: Ballina","Number","71"
"New Dwelling Completions","2016","F28: Westport","Number","95"
"New Dwelling Completions","2016","F31: Ballinrobe","Number","9"
"New Dwelling Completions","2016","F35: Ballyhaunis","Number","8"
"New Dwelling Completions","2016","F42: Roscommon","Number","39"
"New Dwelling Completions","2016","F45: Castlerea","Number","24"
"New Dwelling Completions","2016","F52: Boyle","Number","19"
"New Dwelling Completions","2016","F56: Ballymote","Number","13"
"New Dwelling Completions","2016","F91: Sligo","Number","65"
"New Dwelling Completions","2016","F92: Letterkenny","Number","129"
"New Dwelling Completions","2016","F93: Lifford","Number","73"
"New Dwelling Completions","2016","F94: Donegal","Number","81"
"New Dwelling Completions","2016","H12: Cavan","Number","54"
"New Dwelling Completions","2016","H14: Belturbet","Number","15"
"New Dwelling Completions","2016","H16: Cootehill","Number","11"
"New Dwelling Completions","2016","H18: Monaghan","Number","47"
"New Dwelling Completions","2016","H23: Clones","Number","0"
"New Dwelling Completions","2016","H53: Ballinasloe","Number","42"
"New Dwelling Completions","2016","H54: Tuam","Number","40"
"New Dwelling Completions","2016","H62: Loughrea","Number","30"
"New Dwelling Completions","2016","H65: Athenry","Number","39"
"New Dwelling Completions","2016","H71: Clifden","Number","14"
"New Dwelling Completions","2016","H91: Galway","Number","348"
"New Dwelling Completions","2016","K32: Balbriggan","Number","73"
"New Dwelling Completions","2016","K34: Skerries","Number","85"
"New Dwelling Completions","2016","K36: Malahide","Number","157"
"New Dwelling Completions","2016","K45: Lusk","Number","15"
"New Dwelling Completions","2016","K56: Rush","Number","31"
"New Dwelling Completions","2016","K67: Swords","Number","179"
"New Dwelling Completions","2016","K78: Lucan","Number","65"
"New Dwelling Completions","2016","N37: Athlone","Number","34"
"New Dwelling Completions","2016","N39: Longford","Number","63"
"New Dwelling Completions","2016","N41: Carrick-on-Shannon","Number","43"
"New Dwelling Completions","2016","N91: Mullingar","Number","78"
"New Dwelling Completions","2016","P12: Macroom","Number","44"
"New Dwelling Completions","2016","P14: Crookstown","Number","14"
"New Dwelling Completions","2016","P17: Kinsale","Number","22"
"New Dwelling Completions","2016","P24: Cobh","Number","22"
"New Dwelling Completions","2016","P25: Midleton","Number","45"
"New Dwelling Completions","2016","P31: Ballincollig","Number","74"
"New Dwelling Completions","2016","P32: Rylane","Number","4"
"New Dwelling Completions","2016","P36: Youghal","Number","17"
"New Dwelling Completions","2016","P43: Carrigaline","Number","73"
"New Dwelling Completions","2016","P47: Dunmanway","Number","29"
"New Dwelling Completions","2016","P51: Mallow","Number","94"
"New Dwelling Completions","2016","P56: Charleville","Number","11"
"New Dwelling Completions","2016","P61: Fermoy","Number","20"
"New Dwelling Completions","2016","P67: Mitchelstown","Number","19"
"New Dwelling Completions","2016","P72: Bandon","Number","50"
"New Dwelling Completions","2016","P75: Bantry","Number","35"
"New Dwelling Completions","2016","P81: Skibbereen","Number","30"
"New Dwelling Completions","2016","P85: Clonakilty","Number","26"
"New Dwelling Completions","2016","R14: Athy","Number","29"
"New Dwelling Completions","2016","R21: Mhuine Bheag","Number","8"
"New Dwelling Completions","2016","R32: Portlaoise","Number","97"
"New Dwelling Completions","2016","R35: Tullamore","Number","37"
"New Dwelling Completions","2016","R42: Birr","Number","28"
"New Dwelling Completions","2016","R45: Edenderry","Number","14"
"New Dwelling Completions","2016","R51: Kildare","Number","34"
"New Dwelling Completions","2016","R56: Curragh","Number","22"
"New Dwelling Completions","2016","R93: Carlow","Number","78"
"New Dwelling Completions","2016","R95: Kilkenny","Number","121"
"New Dwelling Completions","2016","T12: Cork Southside","Number","163"
"New Dwelling Completions","2016","T23: Cork Northside","Number","89"
"New Dwelling Completions","2016","T34: Carrignavar","Number","10"
"New Dwelling Completions","2016","T45: Glanmire","Number","60"
"New Dwelling Completions","2016","T56: Watergrasshill","Number","29"
"New Dwelling Completions","2016","V14: Shannon","Number","0"
"New Dwelling Completions","2016","V15: Kilrush","Number","14"
"New Dwelling Completions","2016","V23: Caherciveen","Number","15"
"New Dwelling Completions","2016","V31: Listowel","Number","17"
"New Dwelling Completions","2016","V35: Kilmallock","Number","30"
"New Dwelling Completions","2016","V42: Newcastle West","Number","15"
"New Dwelling Completions","2016","V92: Tralee","Number","82"
"New Dwelling Completions","2016","V93: Killarney","Number","118"
"New Dwelling Completions","2016","V94: Limerick","Number","273"
"New Dwelling Completions","2016","V95: Ennis","Number","157"
"New Dwelling Completions","2016","W12: Newbridge","Number","54"
"New Dwelling Completions","2016","W23: Celbridge","Number","230"
"New Dwelling Completions","2016","W34: Monasterevin","Number","20"
"New Dwelling Completions","2016","W91: Naas","Number","278"
"New Dwelling Completions","2016","X35: Dungarvan","Number","59"
"New Dwelling Completions","2016","X42: Kilmacthomas","Number","18"
"New Dwelling Completions","2016","X91: Waterford","Number","129"
"New Dwelling Completions","2016","Y14: Arklow","Number","18"
"New Dwelling Completions","2016","Y21: Enniscorthy","Number","69"
"New Dwelling Completions","2016","Y25: Gorey","Number","83"
"New Dwelling Completions","2016","Y34: New Ross","Number","29"
"New Dwelling Completions","2016","Y35: Wexford","Number","89"
"New Dwelling Completions","2017","All","Number","14228"
"New Dwelling Completions","2017","A41: Ballyboughal","Number","14"
"New Dwelling Completions","2017","A42: Garristown","Number","5"
"New Dwelling Completions","2017","A45: Oldtown","Number","1"
"New Dwelling Completions","2017","A63: Greystones","Number","251"
"New Dwelling Completions","2017","A67: Wicklow","Number","95"
"New Dwelling Completions","2017","A75: Castleblaney","Number","36"
"New Dwelling Completions","2017","A81: Carrickmacross","Number","35"
"New Dwelling Completions","2017","A82: Kells","Number","74"
"New Dwelling Completions","2017","A83: Enfield","Number","65"
"New Dwelling Completions","2017","A84: Ashbourne","Number","313"
"New Dwelling Completions","2017","A85: Dunshaughlin","Number","125"
"New Dwelling Completions","2017","A86: Dunboyne","Number","20"
"New Dwelling Completions","2017","A91: Dundalk","Number","229"
"New Dwelling Completions","2017","A92: Drogheda","Number","383"
"New Dwelling Completions","2017","A94: Blackrock","Number","41"
"New Dwelling Completions","2017","A96: Glenageary","Number","541"
"New Dwelling Completions","2017","A98: Bray","Number","61"
"New Dwelling Completions","2017","C15: Navan","Number","230"
"New Dwelling Completions","2017","D01: Dublin 1","Number","56"
"New Dwelling Completions","2017","D02: Dublin 2","Number","127"
"New Dwelling Completions","2017","D03: Dublin 3","Number","44"
"New Dwelling Completions","2017","D04: Dublin 4","Number","122"
"New Dwelling Completions","2017","D05: Dublin 5","Number","48"
"New Dwelling Completions","2017","D06: Dublin 6","Number","132"
"New Dwelling Completions","2017","D07: Dublin 7","Number","84"
"New Dwelling Completions","2017","D08: Dublin 8","Number","109"
"New Dwelling Completions","2017","D09: Dublin 9","Number","50"
"New Dwelling Completions","2017","D10: Dublin 10","Number","24"
"New Dwelling Completions","2017","D11: Dublin 11","Number","165"
"New Dwelling Completions","2017","D12: Dublin 12","Number","115"
"New Dwelling Completions","2017","D13: Dublin 13","Number","799"
"New Dwelling Completions","2017","D14: Dublin 14","Number","206"
"New Dwelling Completions","2017","D15: Dublin 15","Number","687"
"New Dwelling Completions","2017","D16: Dublin 16","Number","182"
"New Dwelling Completions","2017","D17: Dublin 17","Number","66"
"New Dwelling Completions","2017","D18: Dublin 18","Number","384"
"New Dwelling Completions","2017","D20: Dublin 20","Number","104"
"New Dwelling Completions","2017","D22: Dublin 22","Number","153"
"New Dwelling Completions","2017","D24: Dublin 24","Number","365"
"New Dwelling Completions","2017","D6W: Dublin 6W","Number","43"
"New Dwelling Completions","2017","E21: Cahir","Number","13"
"New Dwelling Completions","2017","E25: Cashel","Number","11"
"New Dwelling Completions","2017","E32: Carrick-on-Suir","Number","11"
"New Dwelling Completions","2017","E34: Tipperary","Number","13"
"New Dwelling Completions","2017","E41: Thurles","Number","50"
"New Dwelling Completions","2017","E45: Nenagh","Number","38"
"New Dwelling Completions","2017","E53: Roscrea","Number","17"
"New Dwelling Completions","2017","E91: Clonmel","Number","29"
"New Dwelling Completions","2017","F12: Claremorris","Number","36"
"New Dwelling Completions","2017","F23: Castlebar","Number","33"
"New Dwelling Completions","2017","F26: Ballina","Number","77"
"New Dwelling Completions","2017","F28: Westport","Number","75"
"New Dwelling Completions","2017","F31: Ballinrobe","Number","18"
"New Dwelling Completions","2017","F35: Ballyhaunis","Number","8"
"New Dwelling Completions","2017","F42: Roscommon","Number","40"
"New Dwelling Completions","2017","F45: Castlerea","Number","35"
"New Dwelling Completions","2017","F52: Boyle","Number","22"
"New Dwelling Completions","2017","F56: Ballymote","Number","17"
"New Dwelling Completions","2017","F91: Sligo","Number","98"
"New Dwelling Completions","2017","F92: Letterkenny","Number","140"
"New Dwelling Completions","2017","F93: Lifford","Number","107"
"New Dwelling Completions","2017","F94: Donegal","Number","114"
"New Dwelling Completions","2017","H12: Cavan","Number","48"
"New Dwelling Completions","2017","H14: Belturbet","Number","28"
"New Dwelling Completions","2017","H16: Cootehill","Number","15"
"New Dwelling Completions","2017","H18: Monaghan","Number","76"
"New Dwelling Completions","2017","H23: Clones","Number","5"
"New Dwelling Completions","2017","H53: Ballinasloe","Number","64"
"New Dwelling Completions","2017","H54: Tuam","Number","50"
"New Dwelling Completions","2017","H62: Loughrea","Number","44"
"New Dwelling Completions","2017","H65: Athenry","Number","56"
"New Dwelling Completions","2017","H71: Clifden","Number","12"
"New Dwelling Completions","2017","H91: Galway","Number","409"
"New Dwelling Completions","2017","K32: Balbriggan","Number","112"
"New Dwelling Completions","2017","K34: Skerries","Number","100"
"New Dwelling Completions","2017","K36: Malahide","Number","190"
"New Dwelling Completions","2017","K45: Lusk","Number","16"
"New Dwelling Completions","2017","K56: Rush","Number","34"
"New Dwelling Completions","2017","K67: Swords","Number","222"
"New Dwelling Completions","2017","K78: Lucan","Number","224"
"New Dwelling Completions","2017","N37: Athlone","Number","48"
"New Dwelling Completions","2017","N39: Longford","Number","81"
"New Dwelling Completions","2017","N41: Carrick-on-Shannon","Number","58"
"New Dwelling Completions","2017","N91: Mullingar","Number","110"
"New Dwelling Completions","2017","P12: Macroom","Number","56"
"New Dwelling Completions","2017","P14: Crookstown","Number","6"
"New Dwelling Completions","2017","P17: Kinsale","Number","65"
"New Dwelling Completions","2017","P24: Cobh","Number","47"
"New Dwelling Completions","2017","P25: Midleton","Number","65"
"New Dwelling Completions","2017","P31: Ballincollig","Number","111"
"New Dwelling Completions","2017","P32: Rylane","Number","10"
"New Dwelling Completions","2017","P36: Youghal","Number","18"
"New Dwelling Completions","2017","P43: Carrigaline","Number","136"
"New Dwelling Completions","2017","P47: Dunmanway","Number","16"
"New Dwelling Completions","2017","P51: Mallow","Number","163"
"New Dwelling Completions","2017","P56: Charleville","Number","16"
"New Dwelling Completions","2017","P61: Fermoy","Number","44"
"New Dwelling Completions","2017","P67: Mitchelstown","Number","14"
"New Dwelling Completions","2017","P72: Bandon","Number","65"
"New Dwelling Completions","2017","P75: Bantry","Number","36"
"New Dwelling Completions","2017","P81: Skibbereen","Number","40"
"New Dwelling Completions","2017","P85: Clonakilty","Number","39"
"New Dwelling Completions","2017","R14: Athy","Number","36"
"New Dwelling Completions","2017","R21: Mhuine Bheag","Number","14"
"New Dwelling Completions","2017","R32: Portlaoise","Number","114"
"New Dwelling Completions","2017","R35: Tullamore","Number","56"
"New Dwelling Completions","2017","R42: Birr","Number","32"
"New Dwelling Completions","2017","R45: Edenderry","Number","28"
"New Dwelling Completions","2017","R51: Kildare","Number","98"
"New Dwelling Completions","2017","R56: Curragh","Number","33"
"New Dwelling Completions","2017","R93: Carlow","Number","86"
"New Dwelling Completions","2017","R95: Kilkenny","Number","166"
"New Dwelling Completions","2017","T12: Cork Southside","Number","232"
"New Dwelling Completions","2017","T23: Cork Northside","Number","102"
"New Dwelling Completions","2017","T34: Carrignavar","Number","11"
"New Dwelling Completions","2017","T45: Glanmire","Number","105"
"New Dwelling Completions","2017","T56: Watergrasshill","Number","35"
"New Dwelling Completions","2017","V14: Shannon","Number","3"
"New Dwelling Completions","2017","V15: Kilrush","Number","34"
"New Dwelling Completions","2017","V23: Caherciveen","Number","12"
"New Dwelling Completions","2017","V31: Listowel","Number","18"
"New Dwelling Completions","2017","V35: Kilmallock","Number","35"
"New Dwelling Completions","2017","V42: Newcastle West","Number","28"
"New Dwelling Completions","2017","V92: Tralee","Number","102"
"New Dwelling Completions","2017","V93: Killarney","Number","152"
"New Dwelling Completions","2017","V94: Limerick","Number","453"
"New Dwelling Completions","2017","V95: Ennis","Number","178"
"New Dwelling Completions","2017","W12: Newbridge","Number","96"
"New Dwelling Completions","2017","W23: Celbridge","Number","301"
"New Dwelling Completions","2017","W34: Monasterevin","Number","87"
"New Dwelling Completions","2017","W91: Naas","Number","395"
"New Dwelling Completions","2017","X35: Dungarvan","Number","52"
"New Dwelling Completions","2017","X42: Kilmacthomas","Number","20"
"New Dwelling Completions","2017","X91: Waterford","Number","188"
"New Dwelling Completions","2017","Y14: Arklow","Number","44"
"New Dwelling Completions","2017","Y21: Enniscorthy","Number","99"
"New Dwelling Completions","2017","Y25: Gorey","Number","123"
"New Dwelling Completions","2017","Y34: New Ross","Number","28"
"New Dwelling Completions","2017","Y35: Wexford","Number","97"
"New Dwelling Completions","2018","All","Number","17786"
"New Dwelling Completions","2018","A41: Ballyboughal","Number","19"
"New Dwelling Completions","2018","A42: Garristown","Number","12"
"New Dwelling Completions","2018","A45: Oldtown","Number","3"
"New Dwelling Completions","2018","A63: Greystones","Number","289"
"New Dwelling Completions","2018","A67: Wicklow","Number","167"
"New Dwelling Completions","2018","A75: Castleblaney","Number","30"
"New Dwelling Completions","2018","A81: Carrickmacross","Number","34"
"New Dwelling Completions","2018","A82: Kells","Number","100"
"New Dwelling Completions","2018","A83: Enfield","Number","54"
"New Dwelling Completions","2018","A84: Ashbourne","Number","229"
"New Dwelling Completions","2018","A85: Dunshaughlin","Number","239"
"New Dwelling Completions","2018","A86: Dunboyne","Number","8"
"New Dwelling Completions","2018","A91: Dundalk","Number","295"
"New Dwelling Completions","2018","A92: Drogheda","Number","603"
"New Dwelling Completions","2018","A94: Blackrock","Number","92"
"New Dwelling Completions","2018","A96: Glenageary","Number","535"
"New Dwelling Completions","2018","A98: Bray","Number","36"
"New Dwelling Completions","2018","C15: Navan","Number","521"
"New Dwelling Completions","2018","D01: Dublin 1","Number","29"
"New Dwelling Completions","2018","D02: Dublin 2","Number","221"
"New Dwelling Completions","2018","D03: Dublin 3","Number","92"
"New Dwelling Completions","2018","D04: Dublin 4","Number","59"
"New Dwelling Completions","2018","D05: Dublin 5","Number","92"
"New Dwelling Completions","2018","D06: Dublin 6","Number","172"
"New Dwelling Completions","2018","D07: Dublin 7","Number","71"
"New Dwelling Completions","2018","D08: Dublin 8","Number","165"
"New Dwelling Completions","2018","D09: Dublin 9","Number","233"
"New Dwelling Completions","2018","D10: Dublin 10","Number","122"
"New Dwelling Completions","2018","D11: Dublin 11","Number","234"
"New Dwelling Completions","2018","D12: Dublin 12","Number","97"
"New Dwelling Completions","2018","D13: Dublin 13","Number","397"
"New Dwelling Completions","2018","D14: Dublin 14","Number","272"
"New Dwelling Completions","2018","D15: Dublin 15","Number","795"
"New Dwelling Completions","2018","D16: Dublin 16","Number","219"
"New Dwelling Completions","2018","D17: Dublin 17","Number","52"
"New Dwelling Completions","2018","D18: Dublin 18","Number","369"
"New Dwelling Completions","2018","D20: Dublin 20","Number","75"
"New Dwelling Completions","2018","D22: Dublin 22","Number","156"
"New Dwelling Completions","2018","D24: Dublin 24","Number","633"
"New Dwelling Completions","2018","D6W: Dublin 6W","Number","79"
"New Dwelling Completions","2018","E21: Cahir","Number","23"
"New Dwelling Completions","2018","E25: Cashel","Number","10"
"New Dwelling Completions","2018","E32: Carrick-on-Suir","Number","24"
"New Dwelling Completions","2018","E34: Tipperary","Number","19"
"New Dwelling Completions","2018","E41: Thurles","Number","60"
"New Dwelling Completions","2018","E45: Nenagh","Number","24"
"New Dwelling Completions","2018","E53: Roscrea","Number","19"
"New Dwelling Completions","2018","E91: Clonmel","Number","36"
"New Dwelling Completions","2018","F12: Claremorris","Number","65"
"New Dwelling Completions","2018","F23: Castlebar","Number","45"
"New Dwelling Completions","2018","F26: Ballina","Number","84"
"New Dwelling Completions","2018","F28: Westport","Number","97"
"New Dwelling Completions","2018","F31: Ballinrobe","Number","17"
"New Dwelling Completions","2018","F35: Ballyhaunis","Number","8"
"New Dwelling Completions","2018","F42: Roscommon","Number","57"
"New Dwelling Completions","2018","F45: Castlerea","Number","52"
"New Dwelling Completions","2018","F52: Boyle","Number","19"
"New Dwelling Completions","2018","F56: Ballymote","Number","17"
"New Dwelling Completions","2018","F91: Sligo","Number","164"
"New Dwelling Completions","2018","F92: Letterkenny","Number","191"
"New Dwelling Completions","2018","F93: Lifford","Number","144"
"New Dwelling Completions","2018","F94: Donegal","Number","95"
"New Dwelling Completions","2018","H12: Cavan","Number","64"
"New Dwelling Completions","2018","H14: Belturbet","Number","22"
"New Dwelling Completions","2018","H16: Cootehill","Number","6"
"New Dwelling Completions","2018","H18: Monaghan","Number","58"
"New Dwelling Completions","2018","H23: Clones","Number","9"
"New Dwelling Completions","2018","H53: Ballinasloe","Number","64"
"New Dwelling Completions","2018","H54: Tuam","Number","70"
"New Dwelling Completions","2018","H62: Loughrea","Number","47"
"New Dwelling Completions","2018","H65: Athenry","Number","47"
"New Dwelling Completions","2018","H71: Clifden","Number","16"
"New Dwelling Completions","2018","H91: Galway","Number","429"
"New Dwelling Completions","2018","K32: Balbriggan","Number","221"
"New Dwelling Completions","2018","K34: Skerries","Number","79"
"New Dwelling Completions","2018","K36: Malahide","Number","310"
"New Dwelling Completions","2018","K45: Lusk","Number","118"
"New Dwelling Completions","2018","K56: Rush","Number","33"
"New Dwelling Completions","2018","K67: Swords","Number","322"
"New Dwelling Completions","2018","K78: Lucan","Number","502"
"New Dwelling Completions","2018","N37: Athlone","Number","82"
"New Dwelling Completions","2018","N39: Longford","Number","71"
"New Dwelling Completions","2018","N41: Carrick-on-Shannon","Number","33"
"New Dwelling Completions","2018","N91: Mullingar","Number","120"
"New Dwelling Completions","2018","P12: Macroom","Number","67"
"New Dwelling Completions","2018","P14: Crookstown","Number","8"
"New Dwelling Completions","2018","P17: Kinsale","Number","100"
"New Dwelling Completions","2018","P24: Cobh","Number","27"
"New Dwelling Completions","2018","P25: Midleton","Number","101"
"New Dwelling Completions","2018","P31: Ballincollig","Number","109"
"New Dwelling Completions","2018","P32: Rylane","Number","16"
"New Dwelling Completions","2018","P36: Youghal","Number","33"
"New Dwelling Completions","2018","P43: Carrigaline","Number","166"
"New Dwelling Completions","2018","P47: Dunmanway","Number","36"
"New Dwelling Completions","2018","P51: Mallow","Number","154"
"New Dwelling Completions","2018","P56: Charleville","Number","29"
"New Dwelling Completions","2018","P61: Fermoy","Number","24"
"New Dwelling Completions","2018","P67: Mitchelstown","Number","17"
"New Dwelling Completions","2018","P72: Bandon","Number","81"
"New Dwelling Completions","2018","P75: Bantry","Number","37"
"New Dwelling Completions","2018","P81: Skibbereen","Number","33"
"New Dwelling Completions","2018","P85: Clonakilty","Number","33"
"New Dwelling Completions","2018","R14: Athy","Number","37"
"New Dwelling Completions","2018","R21: Mhuine Bheag","Number","31"
"New Dwelling Completions","2018","R32: Portlaoise","Number","217"
"New Dwelling Completions","2018","R35: Tullamore","Number","55"
"New Dwelling Completions","2018","R42: Birr","Number","28"
"New Dwelling Completions","2018","R45: Edenderry","Number","16"
"New Dwelling Completions","2018","R51: Kildare","Number","113"
"New Dwelling Completions","2018","R56: Curragh","Number","26"
"New Dwelling Completions","2018","R93: Carlow","Number","199"
"New Dwelling Completions","2018","R95: Kilkenny","Number","174"
"New Dwelling Completions","2018","T12: Cork Southside","Number","326"
"New Dwelling Completions","2018","T23: Cork Northside","Number","191"
"New Dwelling Completions","2018","T34: Carrignavar","Number","8"
"New Dwelling Completions","2018","T45: Glanmire","Number","109"
"New Dwelling Completions","2018","T56: Watergrasshill","Number","83"
"New Dwelling Completions","2018","V14: Shannon","Number","8"
"New Dwelling Completions","2018","V15: Kilrush","Number","26"
"New Dwelling Completions","2018","V23: Caherciveen","Number","17"
"New Dwelling Completions","2018","V31: Listowel","Number","24"
"New Dwelling Completions","2018","V35: Kilmallock","Number","50"
"New Dwelling Completions","2018","V42: Newcastle West","Number","24"
"New Dwelling Completions","2018","V92: Tralee","Number","136"
"New Dwelling Completions","2018","V93: Killarney","Number","197"
"New Dwelling Completions","2018","V94: Limerick","Number","479"
"New Dwelling Completions","2018","V95: Ennis","Number","163"
"New Dwelling Completions","2018","W12: Newbridge","Number","97"
"New Dwelling Completions","2018","W23: Celbridge","Number","372"
"New Dwelling Completions","2018","W34: Monasterevin","Number","74"
"New Dwelling Completions","2018","W91: Naas","Number","605"
"New Dwelling Completions","2018","X35: Dungarvan","Number","109"
"New Dwelling Completions","2018","X42: Kilmacthomas","Number","16"
"New Dwelling Completions","2018","X91: Waterford","Number","261"
"New Dwelling Completions","2018","Y14: Arklow","Number","58"
"New Dwelling Completions","2018","Y21: Enniscorthy","Number","154"
"New Dwelling Completions","2018","Y25: Gorey","Number","145"
"New Dwelling Completions","2018","Y34: New Ross","Number","32"
"New Dwelling Completions","2018","Y35: Wexford","Number","162"
"New Dwelling Completions","2019","All","Number","21034"
"New Dwelling Completions","2019","A41: Ballyboughal","Number","48"
"New Dwelling Completions","2019","A42: Garristown","Number","12"
"New Dwelling Completions","2019","A45: Oldtown","Number","5"
"New Dwelling Completions","2019","A63: Greystones","Number","469"
"New Dwelling Completions","2019","A67: Wicklow","Number","453"
"New Dwelling Completions","2019","A75: Castleblaney","Number","77"
"New Dwelling Completions","2019","A81: Carrickmacross","Number","84"
"New Dwelling Completions","2019","A82: Kells","Number","113"
"New Dwelling Completions","2019","A83: Enfield","Number","53"
"New Dwelling Completions","2019","A84: Ashbourne","Number","169"
"New Dwelling Completions","2019","A85: Dunshaughlin","Number","478"
"New Dwelling Completions","2019","A86: Dunboyne","Number","38"
"New Dwelling Completions","2019","A91: Dundalk","Number","433"
"New Dwelling Completions","2019","A92: Drogheda","Number","536"
"New Dwelling Completions","2019","A94: Blackrock","Number","47"
"New Dwelling Completions","2019","A96: Glenageary","Number","358"
"New Dwelling Completions","2019","A98: Bray","Number","74"
"New Dwelling Completions","2019","C15: Navan","Number","491"
"New Dwelling Completions","2019","D01: Dublin 1","Number","151"
"New Dwelling Completions","2019","D02: Dublin 2","Number","147"
"New Dwelling Completions","2019","D03: Dublin 3","Number","73"
"New Dwelling Completions","2019","D04: Dublin 4","Number","124"
"New Dwelling Completions","2019","D05: Dublin 5","Number","31"
"New Dwelling Completions","2019","D06: Dublin 6","Number","61"
"New Dwelling Completions","2019","D07: Dublin 7","Number","40"
"New Dwelling Completions","2019","D08: Dublin 8","Number","260"
"New Dwelling Completions","2019","D09: Dublin 9","Number","399"
"New Dwelling Completions","2019","D10: Dublin 10","Number","19"
"New Dwelling Completions","2019","D11: Dublin 11","Number","93"
"New Dwelling Completions","2019","D12: Dublin 12","Number","171"
"New Dwelling Completions","2019","D13: Dublin 13","Number","401"
"New Dwelling Completions","2019","D14: Dublin 14","Number","255"
"New Dwelling Completions","2019","D15: Dublin 15","Number","745"
"New Dwelling Completions","2019","D16: Dublin 16","Number","350"
"New Dwelling Completions","2019","D17: Dublin 17","Number","27"
"New Dwelling Completions","2019","D18: Dublin 18","Number","343"
"New Dwelling Completions","2019","D20: Dublin 20","Number","14"
"New Dwelling Completions","2019","D22: Dublin 22","Number","154"
"New Dwelling Completions","2019","D24: Dublin 24","Number","627"
"New Dwelling Completions","2019","D6W: Dublin 6W","Number","219"
"New Dwelling Completions","2019","E21: Cahir","Number","22"
"New Dwelling Completions","2019","E25: Cashel","Number","24"
"New Dwelling Completions","2019","E32: Carrick-on-Suir","Number","15"
"New Dwelling Completions","2019","E34: Tipperary","Number","56"
"New Dwelling Completions","2019","E41: Thurles","Number","72"
"New Dwelling Completions","2019","E45: Nenagh","Number","44"
"New Dwelling Completions","2019","E53: Roscrea","Number","18"
"New Dwelling Completions","2019","E91: Clonmel","Number","62"
"New Dwelling Completions","2019","F12: Claremorris","Number","51"
"New Dwelling Completions","2019","F23: Castlebar","Number","92"
"New Dwelling Completions","2019","F26: Ballina","Number","122"
"New Dwelling Completions","2019","F28: Westport","Number","131"
"New Dwelling Completions","2019","F31: Ballinrobe","Number","32"
"New Dwelling Completions","2019","F35: Ballyhaunis","Number","14"
"New Dwelling Completions","2019","F42: Roscommon","Number","56"
"New Dwelling Completions","2019","F45: Castlerea","Number","54"
"New Dwelling Completions","2019","F52: Boyle","Number","16"
"New Dwelling Completions","2019","F56: Ballymote","Number","12"
"New Dwelling Completions","2019","F91: Sligo","Number","95"
"New Dwelling Completions","2019","F92: Letterkenny","Number","207"
"New Dwelling Completions","2019","F93: Lifford","Number","137"
"New Dwelling Completions","2019","F94: Donegal","Number","86"
"New Dwelling Completions","2019","H12: Cavan","Number","38"
"New Dwelling Completions","2019","H14: Belturbet","Number","15"
"New Dwelling Completions","2019","H16: Cootehill","Number","16"
"New Dwelling Completions","2019","H18: Monaghan","Number","115"
"New Dwelling Completions","2019","H23: Clones","Number","2"
"New Dwelling Completions","2019","H53: Ballinasloe","Number","110"
"New Dwelling Completions","2019","H54: Tuam","Number","117"
"New Dwelling Completions","2019","H62: Loughrea","Number","59"
"New Dwelling Completions","2019","H65: Athenry","Number","46"
"New Dwelling Completions","2019","H71: Clifden","Number","12"
"New Dwelling Completions","2019","H91: Galway","Number","719"
"New Dwelling Completions","2019","K32: Balbriggan","Number","237"
"New Dwelling Completions","2019","K34: Skerries","Number","40"
"New Dwelling Completions","2019","K36: Malahide","Number","424"
"New Dwelling Completions","2019","K45: Lusk","Number","74"
"New Dwelling Completions","2019","K56: Rush","Number","122"
"New Dwelling Completions","2019","K67: Swords","Number","210"
"New Dwelling Completions","2019","K78: Lucan","Number","595"
"New Dwelling Completions","2019","N37: Athlone","Number","114"
"New Dwelling Completions","2019","N39: Longford","Number","139"
"New Dwelling Completions","2019","N41: Carrick-on-Shannon","Number","36"
"New Dwelling Completions","2019","N91: Mullingar","Number","162"
"New Dwelling Completions","2019","P12: Macroom","Number","70"
"New Dwelling Completions","2019","P14: Crookstown","Number","18"
"New Dwelling Completions","2019","P17: Kinsale","Number","117"
"New Dwelling Completions","2019","P24: Cobh","Number","64"
"New Dwelling Completions","2019","P25: Midleton","Number","145"
"New Dwelling Completions","2019","P31: Ballincollig","Number","151"
"New Dwelling Completions","2019","P32: Rylane","Number","18"
"New Dwelling Completions","2019","P36: Youghal","Number","43"
"New Dwelling Completions","2019","P43: Carrigaline","Number","234"
"New Dwelling Completions","2019","P47: Dunmanway","Number","26"
"New Dwelling Completions","2019","P51: Mallow","Number","178"
"New Dwelling Completions","2019","P56: Charleville","Number","26"
"New Dwelling Completions","2019","P61: Fermoy","Number","52"
"New Dwelling Completions","2019","P67: Mitchelstown","Number","19"
"New Dwelling Completions","2019","P72: Bandon","Number","90"
"New Dwelling Completions","2019","P75: Bantry","Number","42"
"New Dwelling Completions","2019","P81: Skibbereen","Number","35"
"New Dwelling Completions","2019","P85: Clonakilty","Number","63"
"New Dwelling Completions","2019","R14: Athy","Number","49"
"New Dwelling Completions","2019","R21: Mhuine Bheag","Number","10"
"New Dwelling Completions","2019","R32: Portlaoise","Number","228"
"New Dwelling Completions","2019","R35: Tullamore","Number","122"
"New Dwelling Completions","2019","R42: Birr","Number","39"
"New Dwelling Completions","2019","R45: Edenderry","Number","47"
"New Dwelling Completions","2019","R51: Kildare","Number","210"
"New Dwelling Completions","2019","R56: Curragh","Number","33"
"New Dwelling Completions","2019","R93: Carlow","Number","193"
"New Dwelling Completions","2019","R95: Kilkenny","Number","230"
"New Dwelling Completions","2019","T12: Cork Southside","Number","410"
"New Dwelling Completions","2019","T23: Cork Northside","Number","237"
"New Dwelling Completions","2019","T34: Carrignavar","Number","11"
"New Dwelling Completions","2019","T45: Glanmire","Number","79"
"New Dwelling Completions","2019","T56: Watergrasshill","Number","63"
"New Dwelling Completions","2019","V14: Shannon","Number","52"
"New Dwelling Completions","2019","V15: Kilrush","Number","23"
"New Dwelling Completions","2019","V23: Caherciveen","Number","21"
"New Dwelling Completions","2019","V31: Listowel","Number","36"
"New Dwelling Completions","2019","V35: Kilmallock","Number","47"
"New Dwelling Completions","2019","V42: Newcastle West","Number","39"
"New Dwelling Completions","2019","V92: Tralee","Number","178"
"New Dwelling Completions","2019","V93: Killarney","Number","196"
"New Dwelling Completions","2019","V94: Limerick","Number","558"
"New Dwelling Completions","2019","V95: Ennis","Number","236"
"New Dwelling Completions","2019","W12: Newbridge","Number","126"
"New Dwelling Completions","2019","W23: Celbridge","Number","693"
"New Dwelling Completions","2019","W34: Monasterevin","Number","70"
"New Dwelling Completions","2019","W91: Naas","Number","829"
"New Dwelling Completions","2019","X35: Dungarvan","Number","97"
"New Dwelling Completions","2019","X42: Kilmacthomas","Number","17"
"New Dwelling Completions","2019","X91: Waterford","Number","317"
"New Dwelling Completions","2019","Y14: Arklow","Number","88"
"New Dwelling Completions","2019","Y21: Enniscorthy","Number","161"
"New Dwelling Completions","2019","Y25: Gorey","Number","171"
"New Dwelling Completions","2019","Y34: New Ross","Number","51"
"New Dwelling Completions","2019","Y35: Wexford","Number","214"
"New Dwelling Completions","2020","All","Number","20491"
"New Dwelling Completions","2020","A41: Ballyboughal","Number","32"
"New Dwelling Completions","2020","A42: Garristown","Number","13"
"New Dwelling Completions","2020","A45: Oldtown","Number","3"
"New Dwelling Completions","2020","A63: Greystones","Number","334"
"New Dwelling Completions","2020","A67: Wicklow","Number","375"
"New Dwelling Completions","2020","A75: Castleblaney","Number","67"
"New Dwelling Completions","2020","A81: Carrickmacross","Number","57"
"New Dwelling Completions","2020","A82: Kells","Number","236"
"New Dwelling Completions","2020","A83: Enfield","Number","61"
"New Dwelling Completions","2020","A84: Ashbourne","Number","28"
"New Dwelling Completions","2020","A85: Dunshaughlin","Number","262"
"New Dwelling Completions","2020","A86: Dunboyne","Number","15"
"New Dwelling Completions","2020","A91: Dundalk","Number","355"
"New Dwelling Completions","2020","A92: Drogheda","Number","699"
"New Dwelling Completions","2020","A94: Blackrock","Number","140"
"New Dwelling Completions","2020","A96: Glenageary","Number","144"
"New Dwelling Completions","2020","A98: Bray","Number","126"
"New Dwelling Completions","2020","C15: Navan","Number","480"
"New Dwelling Completions","2020","D01: Dublin 1","Number","287"
"New Dwelling Completions","2020","D02: Dublin 2","Number","76"
"New Dwelling Completions","2020","D03: Dublin 3","Number","43"
"New Dwelling Completions","2020","D04: Dublin 4","Number","146"
"New Dwelling Completions","2020","D05: Dublin 5","Number","136"
"New Dwelling Completions","2020","D06: Dublin 6","Number","152"
"New Dwelling Completions","2020","D07: Dublin 7","Number","103"
"New Dwelling Completions","2020","D08: Dublin 8","Number","245"
"New Dwelling Completions","2020","D09: Dublin 9","Number","198"
"New Dwelling Completions","2020","D10: Dublin 10","Number","6"
"New Dwelling Completions","2020","D11: Dublin 11","Number","160"
"New Dwelling Completions","2020","D12: Dublin 12","Number","111"
"New Dwelling Completions","2020","D13: Dublin 13","Number","543"
"New Dwelling Completions","2020","D14: Dublin 14","Number","133"
"New Dwelling Completions","2020","D15: Dublin 15","Number","613"
"New Dwelling Completions","2020","D16: Dublin 16","Number","102"
"New Dwelling Completions","2020","D17: Dublin 17","Number","5"
"New Dwelling Completions","2020","D18: Dublin 18","Number","324"
"New Dwelling Completions","2020","D20: Dublin 20","Number","12"
"New Dwelling Completions","2020","D22: Dublin 22","Number","313"
"New Dwelling Completions","2020","D24: Dublin 24","Number","689"
"New Dwelling Completions","2020","D6W: Dublin 6W","Number","187"
"New Dwelling Completions","2020","E21: Cahir","Number","17"
"New Dwelling Completions","2020","E25: Cashel","Number","17"
"New Dwelling Completions","2020","E32: Carrick-on-Suir","Number","63"
"New Dwelling Completions","2020","E34: Tipperary","Number","39"
"New Dwelling Completions","2020","E41: Thurles","Number","74"
"New Dwelling Completions","2020","E45: Nenagh","Number","38"
"New Dwelling Completions","2020","E53: Roscrea","Number","20"
"New Dwelling Completions","2020","E91: Clonmel","Number","71"
"New Dwelling Completions","2020","F12: Claremorris","Number","82"
"New Dwelling Completions","2020","F23: Castlebar","Number","79"
"New Dwelling Completions","2020","F26: Ballina","Number","120"
"New Dwelling Completions","2020","F28: Westport","Number","89"
"New Dwelling Completions","2020","F31: Ballinrobe","Number","19"
"New Dwelling Completions","2020","F35: Ballyhaunis","Number","35"
"New Dwelling Completions","2020","F42: Roscommon","Number","61"
"New Dwelling Completions","2020","F45: Castlerea","Number","45"
"New Dwelling Completions","2020","F52: Boyle","Number","21"
"New Dwelling Completions","2020","F56: Ballymote","Number","26"
"New Dwelling Completions","2020","F91: Sligo","Number","141"
"New Dwelling Completions","2020","F92: Letterkenny","Number","271"
"New Dwelling Completions","2020","F93: Lifford","Number","161"
"New Dwelling Completions","2020","F94: Donegal","Number","143"
"New Dwelling Completions","2020","H12: Cavan","Number","61"
"New Dwelling Completions","2020","H14: Belturbet","Number","18"
"New Dwelling Completions","2020","H16: Cootehill","Number","10"
"New Dwelling Completions","2020","H18: Monaghan","Number","78"
"New Dwelling Completions","2020","H23: Clones","Number","9"
"New Dwelling Completions","2020","H53: Ballinasloe","Number","91"
"New Dwelling Completions","2020","H54: Tuam","Number","55"
"New Dwelling Completions","2020","H62: Loughrea","Number","126"
"New Dwelling Completions","2020","H65: Athenry","Number","54"
"New Dwelling Completions","2020","H71: Clifden","Number","8"
"New Dwelling Completions","2020","H91: Galway","Number","716"
"New Dwelling Completions","2020","K32: Balbriggan","Number","183"
"New Dwelling Completions","2020","K34: Skerries","Number","12"
"New Dwelling Completions","2020","K36: Malahide","Number","225"
"New Dwelling Completions","2020","K45: Lusk","Number","34"
"New Dwelling Completions","2020","K56: Rush","Number","58"
"New Dwelling Completions","2020","K67: Swords","Number","215"
"New Dwelling Completions","2020","K78: Lucan","Number","485"
"New Dwelling Completions","2020","N37: Athlone","Number","128"
"New Dwelling Completions","2020","N39: Longford","Number","105"
"New Dwelling Completions","2020","N41: Carrick-on-Shannon","Number","27"
"New Dwelling Completions","2020","N91: Mullingar","Number","171"
"New Dwelling Completions","2020","P12: Macroom","Number","106"
"New Dwelling Completions","2020","P14: Crookstown","Number","26"
"New Dwelling Completions","2020","P17: Kinsale","Number","95"
"New Dwelling Completions","2020","P24: Cobh","Number","77"
"New Dwelling Completions","2020","P25: Midleton","Number","146"
"New Dwelling Completions","2020","P31: Ballincollig","Number","150"
"New Dwelling Completions","2020","P32: Rylane","Number","23"
"New Dwelling Completions","2020","P36: Youghal","Number","48"
"New Dwelling Completions","2020","P43: Carrigaline","Number","203"
"New Dwelling Completions","2020","P47: Dunmanway","Number","44"
"New Dwelling Completions","2020","P51: Mallow","Number","220"
"New Dwelling Completions","2020","P56: Charleville","Number","15"
"New Dwelling Completions","2020","P61: Fermoy","Number","79"
"New Dwelling Completions","2020","P67: Mitchelstown","Number","20"
"New Dwelling Completions","2020","P72: Bandon","Number","61"
"New Dwelling Completions","2020","P75: Bantry","Number","31"
"New Dwelling Completions","2020","P81: Skibbereen","Number","37"
"New Dwelling Completions","2020","P85: Clonakilty","Number","50"
"New Dwelling Completions","2020","R14: Athy","Number","68"
"New Dwelling Completions","2020","R21: Mhuine Bheag","Number","33"
"New Dwelling Completions","2020","R32: Portlaoise","Number","311"
"New Dwelling Completions","2020","R35: Tullamore","Number","108"
"New Dwelling Completions","2020","R42: Birr","Number","40"
"New Dwelling Completions","2020","R45: Edenderry","Number","34"
"New Dwelling Completions","2020","R51: Kildare","Number","159"
"New Dwelling Completions","2020","R56: Curragh","Number","61"
"New Dwelling Completions","2020","R93: Carlow","Number","179"
"New Dwelling Completions","2020","R95: Kilkenny","Number","299"
"New Dwelling Completions","2020","T12: Cork Southside","Number","482"
"New Dwelling Completions","2020","T23: Cork Northside","Number","353"
"New Dwelling Completions","2020","T34: Carrignavar","Number","9"
"New Dwelling Completions","2020","T45: Glanmire","Number","178"
"New Dwelling Completions","2020","T56: Watergrasshill","Number","37"
"New Dwelling Completions","2020","V14: Shannon","Number","11"
"New Dwelling Completions","2020","V15: Kilrush","Number","21"
"New Dwelling Completions","2020","V23: Caherciveen","Number","25"
"New Dwelling Completions","2020","V31: Listowel","Number","47"
"New Dwelling Completions","2020","V35: Kilmallock","Number","53"
"New Dwelling Completions","2020","V42: Newcastle West","Number","28"
"New Dwelling Completions","2020","V92: Tralee","Number","165"
"New Dwelling Completions","2020","V93: Killarney","Number","324"
"New Dwelling Completions","2020","V94: Limerick","Number","474"
"New Dwelling Completions","2020","V95: Ennis","Number","306"
"New Dwelling Completions","2020","W12: Newbridge","Number","89"
"New Dwelling Completions","2020","W23: Celbridge","Number","548"
"New Dwelling Completions","2020","W34: Monasterevin","Number","44"
"New Dwelling Completions","2020","W91: Naas","Number","868"
"New Dwelling Completions","2020","X35: Dungarvan","Number","91"
"New Dwelling Completions","2020","X42: Kilmacthomas","Number","28"
"New Dwelling Completions","2020","X91: Waterford","Number","352"
"New Dwelling Completions","2020","Y14: Arklow","Number","88"
"New Dwelling Completions","2020","Y21: Enniscorthy","Number","175"
"New Dwelling Completions","2020","Y25: Gorey","Number","173"
"New Dwelling Completions","2020","Y34: New Ross","Number","63"
"New Dwelling Completions","2020","Y35: Wexford","Number","224"
"New Dwelling Completions","2021","All","Number","20456"
"New Dwelling Completions","2021","A41: Ballyboughal","Number","3"
"New Dwelling Completions","2021","A42: Garristown","Number","12"
"New Dwelling Completions","2021","A45: Oldtown","Number","2"
"New Dwelling Completions","2021","A63: Greystones","Number","236"
"New Dwelling Completions","2021","A67: Wicklow","Number","187"
"New Dwelling Completions","2021","A75: Castleblaney","Number","59"
"New Dwelling Completions","2021","A81: Carrickmacross","Number","58"
"New Dwelling Completions","2021","A82: Kells","Number","155"
"New Dwelling Completions","2021","A83: Enfield","Number","95"
"New Dwelling Completions","2021","A84: Ashbourne","Number","22"
"New Dwelling Completions","2021","A85: Dunshaughlin","Number","138"
"New Dwelling Completions","2021","A86: Dunboyne","Number","65"
"New Dwelling Completions","2021","A91: Dundalk","Number","375"
"New Dwelling Completions","2021","A92: Drogheda","Number","706"
"New Dwelling Completions","2021","A94: Blackrock","Number","58"
"New Dwelling Completions","2021","A96: Glenageary","Number","410"
"New Dwelling Completions","2021","A98: Bray","Number","177"
"New Dwelling Completions","2021","C15: Navan","Number","331"
"New Dwelling Completions","2021","D01: Dublin 1","Number","300"
"New Dwelling Completions","2021","D02: Dublin 2","Number","193"
"New Dwelling Completions","2021","D03: Dublin 3","Number","96"
"New Dwelling Completions","2021","D04: Dublin 4","Number","110"
"New Dwelling Completions","2021","D05: Dublin 5","Number","92"
"New Dwelling Completions","2021","D06: Dublin 6","Number","52"
"New Dwelling Completions","2021","D07: Dublin 7","Number","167"
"New Dwelling Completions","2021","D08: Dublin 8","Number","104"
"New Dwelling Completions","2021","D09: Dublin 9","Number","380"
"New Dwelling Completions","2021","D10: Dublin 10","Number","2"
"New Dwelling Completions","2021","D11: Dublin 11","Number","409"
"New Dwelling Completions","2021","D12: Dublin 12","Number","72"
"New Dwelling Completions","2021","D13: Dublin 13","Number","567"
"New Dwelling Completions","2021","D14: Dublin 14","Number","92"
"New Dwelling Completions","2021","D15: Dublin 15","Number","698"
"New Dwelling Completions","2021","D16: Dublin 16","Number","88"
"New Dwelling Completions","2021","D17: Dublin 17","Number","121"
"New Dwelling Completions","2021","D18: Dublin 18","Number","817"
"New Dwelling Completions","2021","D20: Dublin 20","Number","11"
"New Dwelling Completions","2021","D22: Dublin 22","Number","221"
"New Dwelling Completions","2021","D24: Dublin 24","Number","360"
"New Dwelling Completions","2021","D6W: Dublin 6W","Number","116"
"New Dwelling Completions","2021","E21: Cahir","Number","17"
"New Dwelling Completions","2021","E25: Cashel","Number","18"
"New Dwelling Completions","2021","E32: Carrick-on-Suir","Number","30"
"New Dwelling Completions","2021","E34: Tipperary","Number","63"
"New Dwelling Completions","2021","E41: Thurles","Number","73"
"New Dwelling Completions","2021","E45: Nenagh","Number","70"
"New Dwelling Completions","2021","E53: Roscrea","Number","16"
"New Dwelling Completions","2021","E91: Clonmel","Number","36"
"New Dwelling Completions","2021","F12: Claremorris","Number","62"
"New Dwelling Completions","2021","F23: Castlebar","Number","84"
"New Dwelling Completions","2021","F26: Ballina","Number","130"
"New Dwelling Completions","2021","F28: Westport","Number","75"
"New Dwelling Completions","2021","F31: Ballinrobe","Number","13"
"New Dwelling Completions","2021","F35: Ballyhaunis","Number","13"
"New Dwelling Completions","2021","F42: Roscommon","Number","111"
"New Dwelling Completions","2021","F45: Castlerea","Number","47"
"New Dwelling Completions","2021","F52: Boyle","Number","16"
"New Dwelling Completions","2021","F56: Ballymote","Number","22"
"New Dwelling Completions","2021","F91: Sligo","Number","107"
"New Dwelling Completions","2021","F92: Letterkenny","Number","199"
"New Dwelling Completions","2021","F93: Lifford","Number","121"
"New Dwelling Completions","2021","F94: Donegal","Number","157"
"New Dwelling Completions","2021","H12: Cavan","Number","60"
"New Dwelling Completions","2021","H14: Belturbet","Number","21"
"New Dwelling Completions","2021","H16: Cootehill","Number","17"
"New Dwelling Completions","2021","H18: Monaghan","Number","65"
"New Dwelling Completions","2021","H23: Clones","Number","23"
"New Dwelling Completions","2021","H53: Ballinasloe","Number","79"
"New Dwelling Completions","2021","H54: Tuam","Number","87"
"New Dwelling Completions","2021","H62: Loughrea","Number","59"
"New Dwelling Completions","2021","H65: Athenry","Number","47"
"New Dwelling Completions","2021","H71: Clifden","Number","5"
"New Dwelling Completions","2021","H91: Galway","Number","769"
"New Dwelling Completions","2021","K32: Balbriggan","Number","153"
"New Dwelling Completions","2021","K34: Skerries","Number","28"
"New Dwelling Completions","2021","K36: Malahide","Number","171"
"New Dwelling Completions","2021","K45: Lusk","Number","76"
"New Dwelling Completions","2021","K56: Rush","Number","23"
"New Dwelling Completions","2021","K67: Swords","Number","81"
"New Dwelling Completions","2021","K78: Lucan","Number","260"
"New Dwelling Completions","2021","N37: Athlone","Number","111"
"New Dwelling Completions","2021","N39: Longford","Number","146"
"New Dwelling Completions","2021","N41: Carrick-on-Shannon","Number","80"
"New Dwelling Completions","2021","N91: Mullingar","Number","163"
"New Dwelling Completions","2021","P12: Macroom","Number","146"
"New Dwelling Completions","2021","P14: Crookstown","Number","20"
"New Dwelling Completions","2021","P17: Kinsale","Number","61"
"New Dwelling Completions","2021","P24: Cobh","Number","62"
"New Dwelling Completions","2021","P25: Midleton","Number","121"
"New Dwelling Completions","2021","P31: Ballincollig","Number","88"
"New Dwelling Completions","2021","P32: Rylane","Number","12"
"New Dwelling Completions","2021","P36: Youghal","Number","51"
"New Dwelling Completions","2021","P43: Carrigaline","Number","192"
"New Dwelling Completions","2021","P47: Dunmanway","Number","40"
"New Dwelling Completions","2021","P51: Mallow","Number","179"
"New Dwelling Completions","2021","P56: Charleville","Number","26"
"New Dwelling Completions","2021","P61: Fermoy","Number","25"
"New Dwelling Completions","2021","P67: Mitchelstown","Number","23"
"New Dwelling Completions","2021","P72: Bandon","Number","58"
"New Dwelling Completions","2021","P75: Bantry","Number","29"
"New Dwelling Completions","2021","P81: Skibbereen","Number","92"
"New Dwelling Completions","2021","P85: Clonakilty","Number","182"
"New Dwelling Completions","2021","R14: Athy","Number","43"
"New Dwelling Completions","2021","R21: Mhuine Bheag","Number","8"
"New Dwelling Completions","2021","R32: Portlaoise","Number","287"
"New Dwelling Completions","2021","R35: Tullamore","Number","153"
"New Dwelling Completions","2021","R42: Birr","Number","54"
"New Dwelling Completions","2021","R45: Edenderry","Number","11"
"New Dwelling Completions","2021","R51: Kildare","Number","231"
"New Dwelling Completions","2021","R56: Curragh","Number","23"
"New Dwelling Completions","2021","R93: Carlow","Number","328"
"New Dwelling Completions","2021","R95: Kilkenny","Number","246"
"New Dwelling Completions","2021","T12: Cork Southside","Number","229"
"New Dwelling Completions","2021","T23: Cork Northside","Number","352"
"New Dwelling Completions","2021","T34: Carrignavar","Number","15"
"New Dwelling Completions","2021","T45: Glanmire","Number","196"
"New Dwelling Completions","2021","T56: Watergrasshill","Number","94"
"New Dwelling Completions","2021","V14: Shannon","Number","57"
"New Dwelling Completions","2021","V15: Kilrush","Number","29"
"New Dwelling Completions","2021","V23: Caherciveen","Number","15"
"New Dwelling Completions","2021","V31: Listowel","Number","74"
"New Dwelling Completions","2021","V35: Kilmallock","Number","69"
"New Dwelling Completions","2021","V42: Newcastle West","Number","15"
"New Dwelling Completions","2021","V92: Tralee","Number","172"
"New Dwelling Completions","2021","V93: Killarney","Number","149"
"New Dwelling Completions","2021","V94: Limerick","Number","575"
"New Dwelling Completions","2021","V95: Ennis","Number","267"
"New Dwelling Completions","2021","W12: Newbridge","Number","179"
"New Dwelling Completions","2021","W23: Celbridge","Number","890"
"New Dwelling Completions","2021","W34: Monasterevin","Number","55"
"New Dwelling Completions","2021","W91: Naas","Number","769"
"New Dwelling Completions","2021","X35: Dungarvan","Number","62"
"New Dwelling Completions","2021","X42: Kilmacthomas","Number","23"
"New Dwelling Completions","2021","X91: Waterford","Number","453"
"New Dwelling Completions","2021","Y14: Arklow","Number","63"
"New Dwelling Completions","2021","Y21: Enniscorthy","Number","260"
"New Dwelling Completions","2021","Y25: Gorey","Number","139"
"New Dwelling Completions","2021","Y34: New Ross","Number","48"
"New Dwelling Completions","2021","Y35: Wexford","Number","255"
"New Dwelling Completions","2022","All","Number","29622"
"New Dwelling Completions","2022","A41: Ballyboughal","Number","3"
"New Dwelling Completions","2022","A42: Garristown","Number","24"
"New Dwelling Completions","2022","A45: Oldtown","Number","4"
"New Dwelling Completions","2022","A63: Greystones","Number","666"
"New Dwelling Completions","2022","A67: Wicklow","Number","400"
"New Dwelling Completions","2022","A75: Castleblaney","Number","111"
"New Dwelling Completions","2022","A81: Carrickmacross","Number","74"
"New Dwelling Completions","2022","A82: Kells","Number","164"
"New Dwelling Completions","2022","A83: Enfield","Number","114"
"New Dwelling Completions","2022","A84: Ashbourne","Number","22"
"New Dwelling Completions","2022","A85: Dunshaughlin","Number","259"
"New Dwelling Completions","2022","A86: Dunboyne","Number","50"
"New Dwelling Completions","2022","A91: Dundalk","Number","378"
"New Dwelling Completions","2022","A92: Drogheda","Number","823"
"New Dwelling Completions","2022","A94: Blackrock","Number","226"
"New Dwelling Completions","2022","A96: Glenageary","Number","225"
"New Dwelling Completions","2022","A98: Bray","Number","304"
"New Dwelling Completions","2022","C15: Navan","Number","712"
"New Dwelling Completions","2022","D01: Dublin 1","Number","677"
"New Dwelling Completions","2022","D02: Dublin 2","Number","377"
"New Dwelling Completions","2022","D03: Dublin 3","Number","81"
"New Dwelling Completions","2022","D04: Dublin 4","Number","137"
"New Dwelling Completions","2022","D05: Dublin 5","Number","29"
"New Dwelling Completions","2022","D06: Dublin 6","Number","112"
"New Dwelling Completions","2022","D07: Dublin 7","Number","536"
"New Dwelling Completions","2022","D08: Dublin 8","Number","127"
"New Dwelling Completions","2022","D09: Dublin 9","Number","829"
"New Dwelling Completions","2022","D10: Dublin 10","Number","62"
"New Dwelling Completions","2022","D11: Dublin 11","Number","163"
"New Dwelling Completions","2022","D12: Dublin 12","Number","639"
"New Dwelling Completions","2022","D13: Dublin 13","Number","407"
"New Dwelling Completions","2022","D14: Dublin 14","Number","69"
"New Dwelling Completions","2022","D15: Dublin 15","Number","410"
"New Dwelling Completions","2022","D16: Dublin 16","Number","363"
"New Dwelling Completions","2022","D17: Dublin 17","Number","190"
"New Dwelling Completions","2022","D18: Dublin 18","Number","2040"
"New Dwelling Completions","2022","D20: Dublin 20","Number","87"
"New Dwelling Completions","2022","D22: Dublin 22","Number","488"
"New Dwelling Completions","2022","D24: Dublin 24","Number","278"
"New Dwelling Completions","2022","D6W: Dublin 6W","Number","181"
"New Dwelling Completions","2022","E21: Cahir","Number","30"
"New Dwelling Completions","2022","E25: Cashel","Number","24"
"New Dwelling Completions","2022","E32: Carrick-on-Suir","Number","33"
"New Dwelling Completions","2022","E34: Tipperary","Number","53"
"New Dwelling Completions","2022","E41: Thurles","Number","126"
"New Dwelling Completions","2022","E45: Nenagh","Number","69"
"New Dwelling Completions","2022","E53: Roscrea","Number","28"
"New Dwelling Completions","2022","E91: Clonmel","Number","77"
"New Dwelling Completions","2022","F12: Claremorris","Number","90"
"New Dwelling Completions","2022","F23: Castlebar","Number","120"
"New Dwelling Completions","2022","F26: Ballina","Number","143"
"New Dwelling Completions","2022","F28: Westport","Number","91"
"New Dwelling Completions","2022","F31: Ballinrobe","Number","13"
"New Dwelling Completions","2022","F35: Ballyhaunis","Number","14"
"New Dwelling Completions","2022","F42: Roscommon","Number","45"
"New Dwelling Completions","2022","F45: Castlerea","Number","57"
"New Dwelling Completions","2022","F52: Boyle","Number","26"
"New Dwelling Completions","2022","F56: Ballymote","Number","39"
"New Dwelling Completions","2022","F91: Sligo","Number","164"
"New Dwelling Completions","2022","F92: Letterkenny","Number","255"
"New Dwelling Completions","2022","F93: Lifford","Number","202"
"New Dwelling Completions","2022","F94: Donegal","Number","193"
"New Dwelling Completions","2022","H12: Cavan","Number","112"
"New Dwelling Completions","2022","H14: Belturbet","Number","41"
"New Dwelling Completions","2022","H16: Cootehill","Number","21"
"New Dwelling Completions","2022","H18: Monaghan","Number","129"
"New Dwelling Completions","2022","H23: Clones","Number","20"
"New Dwelling Completions","2022","H53: Ballinasloe","Number","125"
"New Dwelling Completions","2022","H54: Tuam","Number","126"
"New Dwelling Completions","2022","H62: Loughrea","Number","71"
"New Dwelling Completions","2022","H65: Athenry","Number","100"
"New Dwelling Completions","2022","H71: Clifden","Number","25"
"New Dwelling Completions","2022","H91: Galway","Number","862"
"New Dwelling Completions","2022","K32: Balbriggan","Number","210"
"New Dwelling Completions","2022","K34: Skerries","Number","39"
"New Dwelling Completions","2022","K36: Malahide","Number","243"
"New Dwelling Completions","2022","K45: Lusk","Number","135"
"New Dwelling Completions","2022","K56: Rush","Number","113"
"New Dwelling Completions","2022","K67: Swords","Number","305"
"New Dwelling Completions","2022","K78: Lucan","Number","667"
"New Dwelling Completions","2022","N37: Athlone","Number","162"
"New Dwelling Completions","2022","N39: Longford","Number","133"
"New Dwelling Completions","2022","N41: Carrick-on-Shannon","Number","55"
"New Dwelling Completions","2022","N91: Mullingar","Number","309"
"New Dwelling Completions","2022","P12: Macroom","Number","104"
"New Dwelling Completions","2022","P14: Crookstown","Number","46"
"New Dwelling Completions","2022","P17: Kinsale","Number","86"
"New Dwelling Completions","2022","P24: Cobh","Number","69"
"New Dwelling Completions","2022","P25: Midleton","Number","182"
"New Dwelling Completions","2022","P31: Ballincollig","Number","106"
"New Dwelling Completions","2022","P32: Rylane","Number","18"
"New Dwelling Completions","2022","P36: Youghal","Number","72"
"New Dwelling Completions","2022","P43: Carrigaline","Number","262"
"New Dwelling Completions","2022","P47: Dunmanway","Number","78"
"New Dwelling Completions","2022","P51: Mallow","Number","281"
"New Dwelling Completions","2022","P56: Charleville","Number","37"
"New Dwelling Completions","2022","P61: Fermoy","Number","48"
"New Dwelling Completions","2022","P67: Mitchelstown","Number","15"
"New Dwelling Completions","2022","P72: Bandon","Number","78"
"New Dwelling Completions","2022","P75: Bantry","Number","56"
"New Dwelling Completions","2022","P81: Skibbereen","Number","74"
"New Dwelling Completions","2022","P85: Clonakilty","Number","80"
"New Dwelling Completions","2022","R14: Athy","Number","108"
"New Dwelling Completions","2022","R21: Mhuine Bheag","Number","50"
"New Dwelling Completions","2022","R32: Portlaoise","Number","473"
"New Dwelling Completions","2022","R35: Tullamore","Number","252"
"New Dwelling Completions","2022","R42: Birr","Number","93"
"New Dwelling Completions","2022","R45: Edenderry","Number","28"
"New Dwelling Completions","2022","R51: Kildare","Number","270"
"New Dwelling Completions","2022","R56: Curragh","Number","102"
"New Dwelling Completions","2022","R93: Carlow","Number","203"
"New Dwelling Completions","2022","R95: Kilkenny","Number","379"
"New Dwelling Completions","2022","T12: Cork Southside","Number","645"
"New Dwelling Completions","2022","T23: Cork Northside","Number","352"
"New Dwelling Completions","2022","T34: Carrignavar","Number","59"
"New Dwelling Completions","2022","T45: Glanmire","Number","325"
"New Dwelling Completions","2022","T56: Watergrasshill","Number","54"
"New Dwelling Completions","2022","V14: Shannon","Number","5"
"New Dwelling Completions","2022","V15: Kilrush","Number","43"
"New Dwelling Completions","2022","V23: Caherciveen","Number","13"
"New Dwelling Completions","2022","V31: Listowel","Number","64"
"New Dwelling Completions","2022","V35: Kilmallock","Number","84"
"New Dwelling Completions","2022","V42: Newcastle West","Number","55"
"New Dwelling Completions","2022","V92: Tralee","Number","249"
"New Dwelling Completions","2022","V93: Killarney","Number","278"
"New Dwelling Completions","2022","V94: Limerick","Number","675"
"New Dwelling Completions","2022","V95: Ennis","Number","457"
"New Dwelling Completions","2022","W12: Newbridge","Number","525"
"New Dwelling Completions","2022","W23: Celbridge","Number","810"
"New Dwelling Completions","2022","W34: Monasterevin","Number","104"
"New Dwelling Completions","2022","W91: Naas","Number","827"
"New Dwelling Completions","2022","X35: Dungarvan","Number","55"
"New Dwelling Completions","2022","X42: Kilmacthomas","Number","46"
"New Dwelling Completions","2022","X91: Waterford","Number","412"
"New Dwelling Completions","2022","Y14: Arklow","Number","140"
"New Dwelling Completions","2022","Y21: Enniscorthy","Number","197"
"New Dwelling Completions","2022","Y25: Gorey","Number","244"
"New Dwelling Completions","2022","Y34: New Ross","Number","97"
"New Dwelling Completions","2022","Y35: Wexford","Number","421"
"New Dwelling Completions","2023","All","Number","32486"
"New Dwelling Completions","2023","A41: Ballyboughal","Number","3"
"New Dwelling Completions","2023","A42: Garristown","Number","41"
"New Dwelling Completions","2023","A45: Oldtown","Number","14"
"New Dwelling Completions","2023","A63: Greystones","Number","511"
"New Dwelling Completions","2023","A67: Wicklow","Number","517"
"New Dwelling Completions","2023","A75: Castleblaney","Number","62"
"New Dwelling Completions","2023","A81: Carrickmacross","Number","37"
"New Dwelling Completions","2023","A82: Kells","Number","202"
"New Dwelling Completions","2023","A83: Enfield","Number","83"
"New Dwelling Completions","2023","A84: Ashbourne","Number","40"
"New Dwelling Completions","2023","A85: Dunshaughlin","Number","186"
"New Dwelling Completions","2023","A86: Dunboyne","Number","44"
"New Dwelling Completions","2023","A91: Dundalk","Number","373"
"New Dwelling Completions","2023","A92: Drogheda","Number","922"
"New Dwelling Completions","2023","A94: Blackrock","Number","805"
"New Dwelling Completions","2023","A96: Glenageary","Number","434"
"New Dwelling Completions","2023","A98: Bray","Number","127"
"New Dwelling Completions","2023","C15: Navan","Number","802"
"New Dwelling Completions","2023","D01: Dublin 1","Number","167"
"New Dwelling Completions","2023","D02: Dublin 2","Number","69"
"New Dwelling Completions","2023","D03: Dublin 3","Number","104"
"New Dwelling Completions","2023","D04: Dublin 4","Number","298"
"New Dwelling Completions","2023","D05: Dublin 5","Number","10"
"New Dwelling Completions","2023","D06: Dublin 6","Number","90"
"New Dwelling Completions","2023","D07: Dublin 7","Number","54"
"New Dwelling Completions","2023","D08: Dublin 8","Number","1056"
"New Dwelling Completions","2023","D09: Dublin 9","Number","46"
"New Dwelling Completions","2023","D10: Dublin 10","Number","3"
"New Dwelling Completions","2023","D11: Dublin 11","Number","518"
"New Dwelling Completions","2023","D12: Dublin 12","Number","327"
"New Dwelling Completions","2023","D13: Dublin 13","Number","480"
"New Dwelling Completions","2023","D14: Dublin 14","Number","415"
"New Dwelling Completions","2023","D15: Dublin 15","Number","1056"
"New Dwelling Completions","2023","D16: Dublin 16","Number","404"
"New Dwelling Completions","2023","D17: Dublin 17","Number","451"
"New Dwelling Completions","2023","D18: Dublin 18","Number","1904"
"New Dwelling Completions","2023","D20: Dublin 20","Number","594"
"New Dwelling Completions","2023","D22: Dublin 22","Number","569"
"New Dwelling Completions","2023","D24: Dublin 24","Number","1090"
"New Dwelling Completions","2023","D6W: Dublin 6W","Number","23"
"New Dwelling Completions","2023","E21: Cahir","Number","23"
"New Dwelling Completions","2023","E25: Cashel","Number","51"
"New Dwelling Completions","2023","E32: Carrick-on-Suir","Number","33"
"New Dwelling Completions","2023","E34: Tipperary","Number","59"
"New Dwelling Completions","2023","E41: Thurles","Number","146"
"New Dwelling Completions","2023","E45: Nenagh","Number","79"
"New Dwelling Completions","2023","E53: Roscrea","Number","23"
"New Dwelling Completions","2023","E91: Clonmel","Number","110"
"New Dwelling Completions","2023","F12: Claremorris","Number","149"
"New Dwelling Completions","2023","F23: Castlebar","Number","100"
"New Dwelling Completions","2023","F26: Ballina","Number","142"
"New Dwelling Completions","2023","F28: Westport","Number","97"
"New Dwelling Completions","2023","F31: Ballinrobe","Number","14"
"New Dwelling Completions","2023","F35: Ballyhaunis","Number","13"
"New Dwelling Completions","2023","F42: Roscommon","Number","56"
"New Dwelling Completions","2023","F45: Castlerea","Number","76"
"New Dwelling Completions","2023","F52: Boyle","Number","33"
"New Dwelling Completions","2023","F56: Ballymote","Number","27"
"New Dwelling Completions","2023","F91: Sligo","Number","248"
"New Dwelling Completions","2023","F92: Letterkenny","Number","246"
"New Dwelling Completions","2023","F93: Lifford","Number","188"
"New Dwelling Completions","2023","F94: Donegal","Number","201"
"New Dwelling Completions","2023","H12: Cavan","Number","109"
"New Dwelling Completions","2023","H14: Belturbet","Number","34"
"New Dwelling Completions","2023","H16: Cootehill","Number","19"
"New Dwelling Completions","2023","H18: Monaghan","Number","130"
"New Dwelling Completions","2023","H23: Clones","Number","7"
"New Dwelling Completions","2023","H53: Ballinasloe","Number","208"
"New Dwelling Completions","2023","H54: Tuam","Number","114"
"New Dwelling Completions","2023","H62: Loughrea","Number","57"
"New Dwelling Completions","2023","H65: Athenry","Number","127"
"New Dwelling Completions","2023","H71: Clifden","Number","23"
"New Dwelling Completions","2023","H91: Galway","Number","778"
"New Dwelling Completions","2023","K32: Balbriggan","Number","27"
"New Dwelling Completions","2023","K34: Skerries","Number","32"
"New Dwelling Completions","2023","K36: Malahide","Number","299"
"New Dwelling Completions","2023","K45: Lusk","Number","139"
"New Dwelling Completions","2023","K56: Rush","Number","130"
"New Dwelling Completions","2023","K67: Swords","Number","282"
"New Dwelling Completions","2023","K78: Lucan","Number","696"
"New Dwelling Completions","2023","N37: Athlone","Number","278"
"New Dwelling Completions","2023","N39: Longford","Number","122"
"New Dwelling Completions","2023","N41: Carrick-on-Shannon","Number","70"
"New Dwelling Completions","2023","N91: Mullingar","Number","292"
"New Dwelling Completions","2023","P12: Macroom","Number","140"
"New Dwelling Completions","2023","P14: Crookstown","Number","44"
"New Dwelling Completions","2023","P17: Kinsale","Number","123"
"New Dwelling Completions","2023","P24: Cobh","Number","37"
"New Dwelling Completions","2023","P25: Midleton","Number","143"
"New Dwelling Completions","2023","P31: Ballincollig","Number","111"
"New Dwelling Completions","2023","P32: Rylane","Number","13"
"New Dwelling Completions","2023","P36: Youghal","Number","83"
"New Dwelling Completions","2023","P43: Carrigaline","Number","262"
"New Dwelling Completions","2023","P47: Dunmanway","Number","32"
"New Dwelling Completions","2023","P51: Mallow","Number","309"
"New Dwelling Completions","2023","P56: Charleville","Number","49"
"New Dwelling Completions","2023","P61: Fermoy","Number","125"
"New Dwelling Completions","2023","P67: Mitchelstown","Number","12"
"New Dwelling Completions","2023","P72: Bandon","Number","113"
"New Dwelling Completions","2023","P75: Bantry","Number","91"
"New Dwelling Completions","2023","P81: Skibbereen","Number","58"
"New Dwelling Completions","2023","P85: Clonakilty","Number","78"
"New Dwelling Completions","2023","R14: Athy","Number","121"
"New Dwelling Completions","2023","R21: Mhuine Bheag","Number","42"
"New Dwelling Completions","2023","R32: Portlaoise","Number","760"
"New Dwelling Completions","2023","R35: Tullamore","Number","316"
"New Dwelling Completions","2023","R42: Birr","Number","96"
"New Dwelling Completions","2023","R45: Edenderry","Number","49"
"New Dwelling Completions","2023","R51: Kildare","Number","449"
"New Dwelling Completions","2023","R56: Curragh","Number","88"
"New Dwelling Completions","2023","R93: Carlow","Number","209"
"New Dwelling Completions","2023","R95: Kilkenny","Number","487"
"New Dwelling Completions","2023","T12: Cork Southside","Number","511"
"New Dwelling Completions","2023","T23: Cork Northside","Number","442"
"New Dwelling Completions","2023","T34: Carrignavar","Number","66"
"New Dwelling Completions","2023","T45: Glanmire","Number","269"
"New Dwelling Completions","2023","T56: Watergrasshill","Number","53"
"New Dwelling Completions","2023","V14: Shannon","Number","25"
"New Dwelling Completions","2023","V15: Kilrush","Number","33"
"New Dwelling Completions","2023","V23: Caherciveen","Number","24"
"New Dwelling Completions","2023","V31: Listowel","Number","86"
"New Dwelling Completions","2023","V35: Kilmallock","Number","92"
"New Dwelling Completions","2023","V42: Newcastle West","Number","28"
"New Dwelling Completions","2023","V92: Tralee","Number","262"
"New Dwelling Completions","2023","V93: Killarney","Number","221"
"New Dwelling Completions","2023","V94: Limerick","Number","737"
"New Dwelling Completions","2023","V95: Ennis","Number","283"
"New Dwelling Completions","2023","W12: Newbridge","Number","278"
"New Dwelling Completions","2023","W23: Celbridge","Number","927"
"New Dwelling Completions","2023","W34: Monasterevin","Number","53"
"New Dwelling Completions","2023","W91: Naas","Number","1024"
"New Dwelling Completions","2023","X35: Dungarvan","Number","53"
"New Dwelling Completions","2023","X42: Kilmacthomas","Number","15"
"New Dwelling Completions","2023","X91: Waterford","Number","492"
"New Dwelling Completions","2023","Y14: Arklow","Number","74"
"New Dwelling Completions","2023","Y21: Enniscorthy","Number","278"
"New Dwelling Completions","2023","Y25: Gorey","Number","316"
"New Dwelling Completions","2023","Y34: New Ross","Number","41"
"New Dwelling Completions","2023","Y35: Wexford","Number","345"
"New Dwelling Completions","2024","All","Number","30147"
"New Dwelling Completions","2024","A41: Ballyboughal","Number","1"
"New Dwelling Completions","2024","A42: Garristown","Number","30"
"New Dwelling Completions","2024","A45: Oldtown","Number","4"
"New Dwelling Completions","2024","A63: Greystones","Number","457"
"New Dwelling Completions","2024","A67: Wicklow","Number","372"
"New Dwelling Completions","2024","A75: Castleblaney","Number","77"
"New Dwelling Completions","2024","A81: Carrickmacross","Number","78"
"New Dwelling Completions","2024","A82: Kells","Number","191"
"New Dwelling Completions","2024","A83: Enfield","Number","121"
"New Dwelling Completions","2024","A84: Ashbourne","Number","101"
"New Dwelling Completions","2024","A85: Dunshaughlin","Number","186"
"New Dwelling Completions","2024","A86: Dunboyne","Number","13"
"New Dwelling Completions","2024","A91: Dundalk","Number","453"
"New Dwelling Completions","2024","A92: Drogheda","Number","1043"
"New Dwelling Completions","2024","A94: Blackrock","Number","448"
"New Dwelling Completions","2024","A96: Glenageary","Number","295"
"New Dwelling Completions","2024","A98: Bray","Number","453"
"New Dwelling Completions","2024","C15: Navan","Number","687"
"New Dwelling Completions","2024","D01: Dublin 1","Number","78"
"New Dwelling Completions","2024","D02: Dublin 2","Number","41"
"New Dwelling Completions","2024","D03: Dublin 3","Number","397"
"New Dwelling Completions","2024","D04: Dublin 4","Number","176"
"New Dwelling Completions","2024","D05: Dublin 5","Number","283"
"New Dwelling Completions","2024","D06: Dublin 6","Number","57"
"New Dwelling Completions","2024","D07: Dublin 7","Number","82"
"New Dwelling Completions","2024","D08: Dublin 8","Number","312"
"New Dwelling Completions","2024","D09: Dublin 9","Number","252"
"New Dwelling Completions","2024","D10: Dublin 10","Number","145"
"New Dwelling Completions","2024","D11: Dublin 11","Number","20"
"New Dwelling Completions","2024","D12: Dublin 12","Number","453"
"New Dwelling Completions","2024","D13: Dublin 13","Number","1378"
"New Dwelling Completions","2024","D14: Dublin 14","Number","82"
"New Dwelling Completions","2024","D15: Dublin 15","Number","1044"
"New Dwelling Completions","2024","D16: Dublin 16","Number","46"
"New Dwelling Completions","2024","D17: Dublin 17","Number","95"
"New Dwelling Completions","2024","D18: Dublin 18","Number","1098"
"New Dwelling Completions","2024","D20: Dublin 20","Number","172"
"New Dwelling Completions","2024","D22: Dublin 22","Number","798"
"New Dwelling Completions","2024","D24: Dublin 24","Number","1133"
"New Dwelling Completions","2024","D6W: Dublin 6W","Number","36"
"New Dwelling Completions","2024","E21: Cahir","Number","36"
"New Dwelling Completions","2024","E25: Cashel","Number","90"
"New Dwelling Completions","2024","E32: Carrick-on-Suir","Number","36"
"New Dwelling Completions","2024","E34: Tipperary","Number","55"
"New Dwelling Completions","2024","E41: Thurles","Number","56"
"New Dwelling Completions","2024","E45: Nenagh","Number","77"
"New Dwelling Completions","2024","E53: Roscrea","Number","31"
"New Dwelling Completions","2024","E91: Clonmel","Number","107"
"New Dwelling Completions","2024","F12: Claremorris","Number","108"
"New Dwelling Completions","2024","F23: Castlebar","Number","103"
"New Dwelling Completions","2024","F26: Ballina","Number","142"
"New Dwelling Completions","2024","F28: Westport","Number","201"
"New Dwelling Completions","2024","F31: Ballinrobe","Number","35"
"New Dwelling Completions","2024","F35: Ballyhaunis","Number","7"
"New Dwelling Completions","2024","F42: Roscommon","Number","78"
"New Dwelling Completions","2024","F45: Castlerea","Number","83"
"New Dwelling Completions","2024","F52: Boyle","Number","22"
"New Dwelling Completions","2024","F56: Ballymote","Number","19"
"New Dwelling Completions","2024","F91: Sligo","Number","167"
"New Dwelling Completions","2024","F92: Letterkenny","Number","249"
"New Dwelling Completions","2024","F93: Lifford","Number","224"
"New Dwelling Completions","2024","F94: Donegal","Number","156"
"New Dwelling Completions","2024","H12: Cavan","Number","67"
"New Dwelling Completions","2024","H14: Belturbet","Number","25"
"New Dwelling Completions","2024","H16: Cootehill","Number","23"
"New Dwelling Completions","2024","H18: Monaghan","Number","99"
"New Dwelling Completions","2024","H23: Clones","Number","7"
"New Dwelling Completions","2024","H53: Ballinasloe","Number","198"
"New Dwelling Completions","2024","H54: Tuam","Number","156"
"New Dwelling Completions","2024","H62: Loughrea","Number","70"
"New Dwelling Completions","2024","H65: Athenry","Number","47"
"New Dwelling Completions","2024","H71: Clifden","Number","9"
"New Dwelling Completions","2024","H91: Galway","Number","739"
"New Dwelling Completions","2024","K32: Balbriggan","Number","183"
"New Dwelling Completions","2024","K34: Skerries","Number","29"
"New Dwelling Completions","2024","K36: Malahide","Number","244"
"New Dwelling Completions","2024","K45: Lusk","Number","146"
"New Dwelling Completions","2024","K56: Rush","Number","153"
"New Dwelling Completions","2024","K67: Swords","Number","107"
"New Dwelling Completions","2024","K78: Lucan","Number","1034"
"New Dwelling Completions","2024","N37: Athlone","Number","222"
"New Dwelling Completions","2024","N39: Longford","Number","133"
"New Dwelling Completions","2024","N41: Carrick-on-Shannon","Number","91"
"New Dwelling Completions","2024","N91: Mullingar","Number","317"
"New Dwelling Completions","2024","P12: Macroom","Number","107"
"New Dwelling Completions","2024","P14: Crookstown","Number","52"
"New Dwelling Completions","2024","P17: Kinsale","Number","109"
"New Dwelling Completions","2024","P24: Cobh","Number","166"
"New Dwelling Completions","2024","P25: Midleton","Number","300"
"New Dwelling Completions","2024","P31: Ballincollig","Number","304"
"New Dwelling Completions","2024","P32: Rylane","Number","10"
"New Dwelling Completions","2024","P36: Youghal","Number","64"
"New Dwelling Completions","2024","P43: Carrigaline","Number","228"
"New Dwelling Completions","2024","P47: Dunmanway","Number","31"
"New Dwelling Completions","2024","P51: Mallow","Number","230"
"New Dwelling Completions","2024","P56: Charleville","Number","155"
"New Dwelling Completions","2024","P61: Fermoy","Number","154"
"New Dwelling Completions","2024","P67: Mitchelstown","Number","14"
"New Dwelling Completions","2024","P72: Bandon","Number","136"
"New Dwelling Completions","2024","P75: Bantry","Number","85"
"New Dwelling Completions","2024","P81: Skibbereen","Number","69"
"New Dwelling Completions","2024","P85: Clonakilty","Number","101"
"New Dwelling Completions","2024","R14: Athy","Number","56"
"New Dwelling Completions","2024","R21: Mhuine Bheag","Number","23"
"New Dwelling Completions","2024","R32: Portlaoise","Number","578"
"New Dwelling Completions","2024","R35: Tullamore","Number","254"
"New Dwelling Completions","2024","R42: Birr","Number","52"
"New Dwelling Completions","2024","R45: Edenderry","Number","65"
"New Dwelling Completions","2024","R51: Kildare","Number","165"
"New Dwelling Completions","2024","R56: Curragh","Number","53"
"New Dwelling Completions","2024","R93: Carlow","Number","306"
"New Dwelling Completions","2024","R95: Kilkenny","Number","450"
"New Dwelling Completions","2024","T12: Cork Southside","Number","656"
"New Dwelling Completions","2024","T23: Cork Northside","Number","343"
"New Dwelling Completions","2024","T34: Carrignavar","Number","22"
"New Dwelling Completions","2024","T45: Glanmire","Number","206"
"New Dwelling Completions","2024","T56: Watergrasshill","Number","39"
"New Dwelling Completions","2024","V14: Shannon","Number","26"
"New Dwelling Completions","2024","V15: Kilrush","Number","37"
"New Dwelling Completions","2024","V23: Caherciveen","Number","21"
"New Dwelling Completions","2024","V31: Listowel","Number","23"
"New Dwelling Completions","2024","V35: Kilmallock","Number","83"
"New Dwelling Completions","2024","V42: Newcastle West","Number","41"
"New Dwelling Completions","2024","V92: Tralee","Number","169"
"New Dwelling Completions","2024","V93: Killarney","Number","255"
"New Dwelling Completions","2024","V94: Limerick","Number","971"
"New Dwelling Completions","2024","V95: Ennis","Number","383"
"New Dwelling Completions","2024","W12: Newbridge","Number","282"
"New Dwelling Completions","2024","W23: Celbridge","Number","440"
"New Dwelling Completions","2024","W34: Monasterevin","Number","34"
"New Dwelling Completions","2024","W91: Naas","Number","549"
"New Dwelling Completions","2024","X35: Dungarvan","Number","68"
"New Dwelling Completions","2024","X42: Kilmacthomas","Number","10"
"New Dwelling Completions","2024","X91: Waterford","Number","661"
"New Dwelling Completions","2024","Y14: Arklow","Number","61"
"New Dwelling Completions","2024","Y21: Enniscorthy","Number","316"
"New Dwelling Completions","2024","Y25: Gorey","Number","298"
"New Dwelling Completions","2024","Y34: New Ross","Number","93"
"New Dwelling Completions","2024","Y35: Wexford","Number","374"
"New Dwelling Completions","2025","All","Number","36284"
"New Dwelling Completions","2025","A41: Ballyboughal","Number","5"
"New Dwelling Completions","2025","A42: Garristown","Number","17"
"New Dwelling Completions","2025","A45: Oldtown","Number","1"
"New Dwelling Completions","2025","A63: Greystones","Number","276"
"New Dwelling Completions","2025","A67: Wicklow","Number","621"
"New Dwelling Completions","2025","A75: Castleblaney","Number","52"
"New Dwelling Completions","2025","A81: Carrickmacross","Number","105"
"New Dwelling Completions","2025","A82: Kells","Number","314"
"New Dwelling Completions","2025","A83: Enfield","Number","237"
"New Dwelling Completions","2025","A84: Ashbourne","Number","244"
"New Dwelling Completions","2025","A85: Dunshaughlin","Number","299"
"New Dwelling Completions","2025","A86: Dunboyne","Number","63"
"New Dwelling Completions","2025","A91: Dundalk","Number","650"
"New Dwelling Completions","2025","A92: Drogheda","Number","1204"
"New Dwelling Completions","2025","A94: Blackrock","Number","183"
"New Dwelling Completions","2025","A96: Glenageary","Number","183"
"New Dwelling Completions","2025","A98: Bray","Number","368"
"New Dwelling Completions","2025","C15: Navan","Number","712"
"New Dwelling Completions","2025","D01: Dublin 1","Number","554"
"New Dwelling Completions","2025","D02: Dublin 2","Number","103"
"New Dwelling Completions","2025","D03: Dublin 3","Number","542"
"New Dwelling Completions","2025","D04: Dublin 4","Number","814"
"New Dwelling Completions","2025","D05: Dublin 5","Number","56"
"New Dwelling Completions","2025","D06: Dublin 6","Number","62"
"New Dwelling Completions","2025","D07: Dublin 7","Number","556"
"New Dwelling Completions","2025","D08: Dublin 8","Number","138"
"New Dwelling Completions","2025","D09: Dublin 9","Number","537"
"New Dwelling Completions","2025","D10: Dublin 10","Number","317"
"New Dwelling Completions","2025","D11: Dublin 11","Number","602"
"New Dwelling Completions","2025","D12: Dublin 12","Number","423"
"New Dwelling Completions","2025","D13: Dublin 13","Number","702"
"New Dwelling Completions","2025","D14: Dublin 14","Number","114"
"New Dwelling Completions","2025","D15: Dublin 15","Number","1163"
"New Dwelling Completions","2025","D16: Dublin 16","Number","152"
"New Dwelling Completions","2025","D17: Dublin 17","Number","75"
"New Dwelling Completions","2025","D18: Dublin 18","Number","1350"
"New Dwelling Completions","2025","D20: Dublin 20","Number","3"
"New Dwelling Completions","2025","D22: Dublin 22","Number","902"
"New Dwelling Completions","2025","D24: Dublin 24","Number","1234"
"New Dwelling Completions","2025","D6W: Dublin 6W","Number","134"
"New Dwelling Completions","2025","E21: Cahir","Number","52"
"New Dwelling Completions","2025","E25: Cashel","Number","94"
"New Dwelling Completions","2025","E32: Carrick-on-Suir","Number","76"
"New Dwelling Completions","2025","E34: Tipperary","Number","41"
"New Dwelling Completions","2025","E41: Thurles","Number","177"
"New Dwelling Completions","2025","E45: Nenagh","Number","112"
"New Dwelling Completions","2025","E53: Roscrea","Number","85"
"New Dwelling Completions","2025","E91: Clonmel","Number","214"
"New Dwelling Completions","2025","F12: Claremorris","Number","98"
"New Dwelling Completions","2025","F23: Castlebar","Number","115"
"New Dwelling Completions","2025","F26: Ballina","Number","148"
"New Dwelling Completions","2025","F28: Westport","Number","111"
"New Dwelling Completions","2025","F31: Ballinrobe","Number","23"
"New Dwelling Completions","2025","F35: Ballyhaunis","Number","14"
"New Dwelling Completions","2025","F42: Roscommon","Number","63"
"New Dwelling Completions","2025","F45: Castlerea","Number","48"
"New Dwelling Completions","2025","F52: Boyle","Number","39"
"New Dwelling Completions","2025","F56: Ballymote","Number","27"
"New Dwelling Completions","2025","F91: Sligo","Number","367"
"New Dwelling Completions","2025","F92: Letterkenny","Number","286"
"New Dwelling Completions","2025","F93: Lifford","Number","217"
"New Dwelling Completions","2025","F94: Donegal","Number","178"
"New Dwelling Completions","2025","H12: Cavan","Number","155"
"New Dwelling Completions","2025","H14: Belturbet","Number","26"
"New Dwelling Completions","2025","H16: Cootehill","Number","38"
"New Dwelling Completions","2025","H18: Monaghan","Number","151"
"New Dwelling Completions","2025","H23: Clones","Number","10"
"New Dwelling Completions","2025","H53: Ballinasloe","Number","127"
"New Dwelling Completions","2025","H54: Tuam","Number","88"
"New Dwelling Completions","2025","H62: Loughrea","Number","73"
"New Dwelling Completions","2025","H65: Athenry","Number","106"
"New Dwelling Completions","2025","H71: Clifden","Number","28"
"New Dwelling Completions","2025","H91: Galway","Number","1070"
"New Dwelling Completions","2025","K32: Balbriggan","Number","101"
"New Dwelling Completions","2025","K34: Skerries","Number","157"
"New Dwelling Completions","2025","K36: Malahide","Number","710"
"New Dwelling Completions","2025","K45: Lusk","Number","180"
"New Dwelling Completions","2025","K56: Rush","Number","156"
"New Dwelling Completions","2025","K67: Swords","Number","318"
"New Dwelling Completions","2025","K78: Lucan","Number","1118"
"New Dwelling Completions","2025","N37: Athlone","Number","329"
"New Dwelling Completions","2025","N39: Longford","Number","104"
"New Dwelling Completions","2025","N41: Carrick-on-Shannon","Number","118"
"New Dwelling Completions","2025","N91: Mullingar","Number","488"
"New Dwelling Completions","2025","P12: Macroom","Number","196"
"New Dwelling Completions","2025","P14: Crookstown","Number","52"
"New Dwelling Completions","2025","P17: Kinsale","Number","77"
"New Dwelling Completions","2025","P24: Cobh","Number","41"
"New Dwelling Completions","2025","P25: Midleton","Number","445"
"New Dwelling Completions","2025","P31: Ballincollig","Number","215"
"New Dwelling Completions","2025","P32: Rylane","Number","12"
"New Dwelling Completions","2025","P36: Youghal","Number","43"
"New Dwelling Completions","2025","P43: Carrigaline","Number","211"
"New Dwelling Completions","2025","P47: Dunmanway","Number","45"
"New Dwelling Completions","2025","P51: Mallow","Number","228"
"New Dwelling Completions","2025","P56: Charleville","Number","26"
"New Dwelling Completions","2025","P61: Fermoy","Number","170"
"New Dwelling Completions","2025","P67: Mitchelstown","Number","23"
"New Dwelling Completions","2025","P72: Bandon","Number","129"
"New Dwelling Completions","2025","P75: Bantry","Number","71"
"New Dwelling Completions","2025","P81: Skibbereen","Number","63"
"New Dwelling Completions","2025","P85: Clonakilty","Number","72"
"New Dwelling Completions","2025","R14: Athy","Number","314"
"New Dwelling Completions","2025","R21: Mhuine Bheag","Number","18"
"New Dwelling Completions","2025","R32: Portlaoise","Number","806"
"New Dwelling Completions","2025","R35: Tullamore","Number","126"
"New Dwelling Completions","2025","R42: Birr","Number","109"
"New Dwelling Completions","2025","R45: Edenderry","Number","79"
"New Dwelling Completions","2025","R51: Kildare","Number","292"
"New Dwelling Completions","2025","R56: Curragh","Number","152"
"New Dwelling Completions","2025","R93: Carlow","Number","207"
"New Dwelling Completions","2025","R95: Kilkenny","Number","430"
"New Dwelling Completions","2025","T12: Cork Southside","Number","745"
"New Dwelling Completions","2025","T23: Cork Northside","Number","642"
"New Dwelling Completions","2025","T34: Carrignavar","Number","29"
"New Dwelling Completions","2025","T45: Glanmire","Number","189"
"New Dwelling Completions","2025","T56: Watergrasshill","Number","50"
"New Dwelling Completions","2025","V14: Shannon","Number","31"
"New Dwelling Completions","2025","V15: Kilrush","Number","84"
"New Dwelling Completions","2025","V23: Caherciveen","Number","31"
"New Dwelling Completions","2025","V31: Listowel","Number","32"
"New Dwelling Completions","2025","V35: Kilmallock","Number","135"
"New Dwelling Completions","2025","V42: Newcastle West","Number","64"
"New Dwelling Completions","2025","V92: Tralee","Number","233"
"New Dwelling Completions","2025","V93: Killarney","Number","413"
"New Dwelling Completions","2025","V94: Limerick","Number","748"
"New Dwelling Completions","2025","V95: Ennis","Number","424"
"New Dwelling Completions","2025","W12: Newbridge","Number","261"
"New Dwelling Completions","2025","W23: Celbridge","Number","557"
"New Dwelling Completions","2025","W34: Monasterevin","Number","77"
"New Dwelling Completions","2025","W91: Naas","Number","702"
"New Dwelling Completions","2025","X35: Dungarvan","Number","50"
"New Dwelling Completions","2025","X42: Kilmacthomas","Number","29"
"New Dwelling Completions","2025","X91: Waterford","Number","663"
"New Dwelling Completions","2025","Y14: Arklow","Number","80"
"New Dwelling Completions","2025","Y21: Enniscorthy","Number","339"
"New Dwelling Completions","2025","Y25: Gorey","Number","323"
"New Dwelling Completions","2025","Y34: New Ross","Number","59"
"New Dwelling Completions","2025","Y35: Wexford","Number","339"
